{
  "version": "0.2.0",
  "configurations": [
    {
      "name": "Debug PageForge Client",
      "type": "node",
      "request": "launch",
      "program": "${workspaceFolder}/node_modules/.bin/vite",
      "args": [
        "--mode",
        "development"
      ],
      "console": "integratedTerminal"
    },
    {
      "name": "Debug PageForge Server",
      "type": "node",
      "request": "launch",
      "program": "${workspaceFolder}/server/index.ts",
      "outFiles": [
        "${workspaceFolder}/dist/**/*.js"
      ],
      "console": "integratedTerminal"
    }
  ]
}